"Tracking #","Registration Date","Patient Name",Company,Birthdate,"Testing Site",IGG,IGM
201,2020-05-25,"BECOY, NILO CABALDE ",-,1978-02-25,,NEGA,NEGA
202,2020-05-25,"SANAPO, MA LOREN WILSON ",-,1992-08-26,,NEGA,NEGA
203,2020-05-25,"VILLANUEVA, MIA DE CHAVEZ ",INTELLICARE,1999-04-18,,NEGA,NEGA
204,2020-05-25,"ARMAMENTO, PRINCESS  ",INTELLICARE,1999-03-25,,NEGA,NEGA
205,2020-05-25,"PRISCO, JENNIFER ESPINOZA ",-,1977-10-02,,NEGA,NEGA
206,2020-05-25,"TIRO, AARON MONTON ","PHILIPPINE LONG DISTANCE COMPANY (PLDT)",1986-10-02,,,
207,2020-05-25,"ROJAS, ADRIAN LAURENCE PALACIOS ","PHILIPPINE LONG DISTANCE COMPANY (PLDT)",1990-02-26,,,
208,2020-05-25,"LEANDICHO, ADRIAN ONEILL RONO ","PHILIPPINE LONG DISTANCE COMPANY (PLDT)",1994-07-03,,,
209,2020-05-25,"AGUILAR, ALBERT DISCAYA ","PHILIPPINE LONG DISTANCE COMPANY (PLDT)",1983-12-05,,,
210,2020-05-25,"GATUS, ALDRIN CRUZ ","PHILIPPINE LONG DISTANCE COMPANY (PLDT)",1995-02-10,,,
211,2020-05-25,"DINGLASAN, ALEXANDER ARINGO ","PHILIPPINE LONG DISTANCE COMPANY (PLDT)",1995-08-10,,,
212,2020-05-25,"DIAMANTE JR., ALFREDO NAKAR ","PHILIPPINE LONG DISTANCE COMPANY (PLDT)",1994-08-26,,,
213,2020-05-25,"UNARSE, ALJHON ARCELIS ","PHILIPPINE LONG DISTANCE COMPANY (PLDT)",1993-10-09,,,
214,2020-05-25,"PILAR, ALLAN JAKE DELA CRUZ ","PHILIPPINE LONG DISTANCE COMPANY (PLDT)",1992-01-21,,,
215,2020-05-25,"DELA CUESTA, ALLEN ZEDRICK LUMALANG ","PHILIPPINE LONG DISTANCE COMPANY (PLDT)",1997-06-13,,,
216,2020-05-25,"FERNANDO, ALVIN BALMELERO ","PHILIPPINE LONG DISTANCE COMPANY (PLDT)",1984-12-08,,,
217,2020-05-25,"CARUNGAY, ANDI MAR OBSEQUIO ","PHILIPPINE LONG DISTANCE COMPANY (PLDT)",1996-08-08,,,
218,2020-05-25,"DALANGIN, ANGELICO JOEL RAZON ","PHILIPPINE LONG DISTANCE COMPANY (PLDT)",1996-04-13,,,
219,2020-05-25,"OCAMPO, ANTHONY DEL ROSARIO ","PHILIPPINE LONG DISTANCE COMPANY (PLDT)",1965-01-08,,,
220,2020-05-25,"VILLANUEVA, ANTHONY MASCARIÑAS ","PHILIPPINE LONG DISTANCE COMPANY (PLDT)",1965-03-17,,,
221,2020-05-25,"ALCANTARA, ARCANGEL MORA ","PHILIPPINE LONG DISTANCE COMPANY (PLDT)",1981-06-06,,,
222,2020-05-25,"AZUR, ARISTOTLE AZUR ","PHILIPPINE LONG DISTANCE COMPANY (PLDT)",1983-03-05,,,
223,2020-05-25,"ASUNCION, ARNEL EMMANUEL VILLADELREY ","PHILIPPINE LONG DISTANCE COMPANY (PLDT)",1994-01-01,,,
224,2020-05-25,"CALION, ARVIN BULAGAO ","PHILIPPINE LONG DISTANCE COMPANY (PLDT)",1991-04-18,,,
225,2020-05-25,"PANGINDIAN, ARVIN GIRON ","PHILIPPINE LONG DISTANCE COMPANY (PLDT)",1996-01-10,,,
226,2020-05-25,"ARTILLERA, AXEL JOSHUA ALVAREZ ","PHILIPPINE LONG DISTANCE COMPANY (PLDT)",1995-05-02,,,
227,2020-05-25,"REYES, BEN APAAP ","PHILIPPINE LONG DISTANCE COMPANY (PLDT)",1980-11-03,,,
228,2020-05-25,"DELA PAZ, BENEDICT MANGUERRA ","PHILIPPINE LONG DISTANCE COMPANY (PLDT)",1991-11-08,,,
229,2020-05-25,"BAUTISTA, BILLY BERNARDO ","PHILIPPINE LONG DISTANCE COMPANY (PLDT)",1983-01-28,,,
230,2020-05-25,"NANIONG, BUEN NOEL TONOGBANUA ","PHILIPPINE LONG DISTANCE COMPANY (PLDT)",1992-10-27,,,
231,2020-05-25,"VIRAY, CARL RICHARD SISON ","PHILIPPINE LONG DISTANCE COMPANY (PLDT)",1984-09-10,,,
232,2020-05-25,"MATANGCAS, CESAR RYAN HADAP ","PHILIPPINE LONG DISTANCE COMPANY (PLDT)",1996-07-20,,,
233,2020-05-25,"ALBANO, CHRISTIAN CONCEPCION ","PHILIPPINE LONG DISTANCE COMPANY (PLDT)",1997-09-15,,,
234,2020-05-25,"CAPILI, CHRISTIAN PAULO SACAY ","PHILIPPINE LONG DISTANCE COMPANY (PLDT)",1995-06-05,,,
235,2020-05-25,"TUBU, CHRISTLAINE MANALUNGSUNG ","PHILIPPINE LONG DISTANCE COMPANY (PLDT)",1994-10-14,,,
236,2020-05-25,"GOMEZ, CHRISTOPHER ADRIAN CALIGAGAN ","PHILIPPINE LONG DISTANCE COMPANY (PLDT)",1992-07-18,,,
237,2020-05-25,"SILAPAN, CHRISTOPHER CADAO ","PHILIPPINE LONG DISTANCE COMPANY (PLDT)",1994-09-30,,,
238,2020-05-25,"BULATAO, CLARK STEVEN DELA PEÑA ","PHILIPPINE LONG DISTANCE COMPANY (PLDT)",1996-06-08,,,
239,2020-05-25,"ALVAREZ JR., CORNELIO GAMBA ","PHILIPPINE LONG DISTANCE COMPANY (PLDT)",1981-10-28,,,
240,2020-05-25,"SABUGO JR., CRISOLOGO FAUSTO ","PHILIPPINE LONG DISTANCE COMPANY (PLDT)",1986-03-03,,,
241,2020-05-25,"SANTOS, DALE ALLEN DE GUZMAN ","PHILIPPINE LONG DISTANCE COMPANY (PLDT)",1995-10-05,,,
242,2020-05-25,"DE GALA, DAN MICHAEL LERON ","PHILIPPINE LONG DISTANCE COMPANY (PLDT)",1994-12-05,,,
243,2020-05-25,"INTAL, DANIEL CABRILLAS ","PHILIPPINE LONG DISTANCE COMPANY (PLDT)",1985-03-09,,,
244,2020-05-25,"GOMEZ, DANILO AGUINALDO ","PHILIPPINE LONG DISTANCE COMPANY (PLDT)",1963-09-25,,,
245,2020-05-25,"CRISTOBAL, DANILO HIPOLITO ","PHILIPPINE LONG DISTANCE COMPANY (PLDT)",1964-11-29,,,
246,2020-05-25,"PULOS, DARONEIL LEGADOS ","PHILIPPINE LONG DISTANCE COMPANY (PLDT)",1986-10-07,,,
247,2020-05-25,"BARBA, DARWIN DAVE DELA CRUZ ","PHILIPPINE LONG DISTANCE COMPANY (PLDT)",1995-06-28,,,
248,2020-05-25,"MAGTIBAY, DIANNE CELIS ","PHILIPPINE LONG DISTANCE COMPANY (PLDT)",1992-12-26,,,
249,2020-05-25,"APOSTOL, DINDO ORTALEZA ","PHILIPPINE LONG DISTANCE COMPANY (PLDT)",1967-05-31,,,
250,2020-05-25,"FAUSTINO, DOMINIC MERCADO ","PHILIPPINE LONG DISTANCE COMPANY (PLDT)",1966-05-08,,,
251,2020-05-25,"GONZALES, EDMAR MESINA ","PHILIPPINE LONG DISTANCE COMPANY (PLDT)",1996-10-12,,,
252,2020-05-25,"OFILAN, EDUARDO BAGASON ","PHILIPPINE LONG DISTANCE COMPANY (PLDT)",1994-10-03,,,
253,2020-05-25,"SABLAY JR., EDUARDO NOVERA ","PHILIPPINE LONG DISTANCE COMPANY (PLDT)",1964-03-03,,,
254,2020-05-25,"AGOZAR, EDUARDO VILLANUEVA ","PHILIPPINE LONG DISTANCE COMPANY (PLDT)",1970-06-30,,,
255,2020-05-25,"FLORES, EDWARD PEÑAFLOR ","PHILIPPINE LONG DISTANCE COMPANY (PLDT)",1996-10-18,,,
256,2020-05-25,"BALLESTER, EDWIN BUSTARGA ","PHILIPPINE LONG DISTANCE COMPANY (PLDT)",1982-04-20,,,
257,2020-05-25,"BERNARDINO, EIMIL MENDOZA ","PHILIPPINE LONG DISTANCE COMPANY (PLDT)",1984-08-20,,,
258,2020-05-25,"IGNACIO, ELMER CRUZ ","PHILIPPINE LONG DISTANCE COMPANY (PLDT)",1969-10-21,,,
259,2020-05-25,"GIMENEZ, EMMANUEL CALANOC ","PHILIPPINE LONG DISTANCE COMPANY (PLDT)",1992-10-10,,,
260,2020-05-25,"NOVAL, EMMANUEL MASA ","PHILIPPINE LONG DISTANCE COMPANY (PLDT)",1989-12-25,,,
261,2020-05-25,"GOLPEO, ENTHOVEN SANTOS ","PHILIPPINE LONG DISTANCE COMPANY (PLDT)",1996-10-27,,,
262,2020-05-25,"PASCUAL, ERVIE JOSHUA CHAVEZ ","PHILIPPINE LONG DISTANCE COMPANY (PLDT)",1994-01-06,,,
263,2020-05-25,"GODOYO, ERWIN CANDO ","PHILIPPINE LONG DISTANCE COMPANY (PLDT)",1996-03-14,,,
264,2020-05-25,"TEJADA, ERWIN TUPAZ ","PHILIPPINE LONG DISTANCE COMPANY (PLDT)",1992-07-05,,,
265,2020-05-25,"MACALAM, ESTEPHEN NITOLLAMA ","PHILIPPINE LONG DISTANCE COMPANY (PLDT)",1993-09-27,,,
266,2020-05-25,"TIOZON, FERDINAND EDWARD BLANQUERA ","PHILIPPINE LONG DISTANCE COMPANY (PLDT)",1990-05-17,,,
267,2020-05-25,"AGUILAR, FIDEL MALLARI ","PHILIPPINE LONG DISTANCE COMPANY (PLDT)",1995-10-14,,,
268,2020-05-25,"DELOS REYES, FRANCIS CENENCE ","PHILIPPINE LONG DISTANCE COMPANY (PLDT)",1992-02-12,,,
269,2020-05-25,"ARCILLA, FRANCIS NIÑO GARCIA ","PHILIPPINE LONG DISTANCE COMPANY (PLDT)",1995-11-13,,,
270,2020-05-25,"MONSAYAC, FRANCISCO ENCARNACION ","PHILIPPINE LONG DISTANCE COMPANY (PLDT)",1977-06-26,,,
271,2020-05-25,"MONTAS, ROMAR JADE SANDOY ","PHILIPPINE LONG DISTANCE COMPANY (PLDT)",1992-04-24,,,
272,2020-05-25,"TOGONON, ROMEO MAPALO ","PHILIPPINE LONG DISTANCE COMPANY (PLDT)",1986-11-14,,,
273,2020-05-25,"CLAMOR, ROMMEL DAELO ","PHILIPPINE LONG DISTANCE COMPANY (PLDT)",1971-09-11,,,
274,2020-05-25,"SARGENTO, ROMNICK CERVANTES ","PHILIPPINE LONG DISTANCE COMPANY (PLDT)",1989-01-11,,,
275,2020-05-25,"LARGOSO, RONALD JOHN PEREÑA ","PHILIPPINE LONG DISTANCE COMPANY (PLDT)",1995-11-12,,,
276,2020-05-25,"CALUPITAN, RONALD MARK ANTHONY LOPEZ ","PHILIPPINE LONG DISTANCE COMPANY (PLDT)",1984-09-18,,,
277,2020-05-25,"GIGANTE, RONALD OFQUERIA ","PHILIPPINE LONG DISTANCE COMPANY (PLDT)",1978-12-02,,,
278,2020-05-25,"KING, RONEL NEMENZO ","PHILIPPINE LONG DISTANCE COMPANY (PLDT)",1994-09-29,,,
279,2020-05-25,"DEL ROSARIO, RONNIE RAMOS ","PHILIPPINE LONG DISTANCE COMPANY (PLDT)",1988-04-19,,,
280,2020-05-25,"OSTIA, ROWAN CYRIL HEYROSA ","PHILIPPINE LONG DISTANCE COMPANY (PLDT)",1985-02-09,,,
281,2020-05-25,"AUSTRIA, ROWELL AVISO ","PHILIPPINE LONG DISTANCE COMPANY (PLDT)",1984-08-16,,,
282,2020-05-25,"MIGUEL, RUEL FERNANDO ","PHILIPPINE LONG DISTANCE COMPANY (PLDT)",1993-04-24,,,
283,2020-05-25,"ABAPO, LEO SEIKO PAGSISIHAN ","PHILIPPINE LONG DISTANCE COMPANY (PLDT)",1968-03-22,,,
284,2020-05-25,"CASTRO, LESTER FELIX DELA CRUZ ","PHILIPPINE LONG DISTANCE COMPANY (PLDT)",1996-05-08,,,
285,2020-05-25,"VALBUENA, RYAN JEFF MAGARZO ","PHILIPPINE LONG DISTANCE COMPANY (PLDT)",1986-01-05,,,
286,2020-05-25,"COMA, LOURDAN MALDONADO ","PHILIPPINE LONG DISTANCE COMPANY (PLDT)",1998-11-07,,,
287,2020-05-25,"ABILLONAR, LUKE GUSTILO ","PHILIPPINE LONG DISTANCE COMPANY (PLDT)",1991-09-06,,,
288,2020-05-25,"MATEO, MAJORSON QUINITIO ","PHILIPPINE LONG DISTANCE COMPANY (PLDT)",1991-09-15,,,
289,2020-05-25,"TOHOY, RYAN TERONG ","PHILIPPINE LONG DISTANCE COMPANY (PLDT)",1985-03-08,,,
290,2020-05-25,"LUNA, MARC DARRIEL RIÑON ","PHILIPPINE LONG DISTANCE COMPANY (PLDT)",1998-04-21,,,
291,2020-05-25,"BERMEJO, MARCO MANOG ","PHILIPPINE LONG DISTANCE COMPANY (PLDT)",1980-09-01,,,
292,2020-05-25,"DIMAANO, MARIMAR BUDY ","PHILIPPINE LONG DISTANCE COMPANY (PLDT)",1980-02-18,,,
293,2020-05-25,"JIMENEZ, MARK JEFFREY LASTROLLO ","PHILIPPINE LONG DISTANCE COMPANY (PLDT)",1984-11-19,,,
294,2020-05-25,"CATALAN, SEAN ELI ANDACA ","PHILIPPINE LONG DISTANCE COMPANY (PLDT)",1990-02-02,,,
295,2020-05-25,"BAÑAGA, MARK LESTER ARDON ","PHILIPPINE LONG DISTANCE COMPANY (PLDT)",1996-04-01,,,
296,2020-05-25,"MONDEJAR, MARK PAUL GARADO ","PHILIPPINE LONG DISTANCE COMPANY (PLDT)",1995-07-24,,,
297,2020-05-25,"FONTIVEROS, MARK ROVIN EDOVAS ","PHILIPPINE LONG DISTANCE COMPANY (PLDT)",1988-01-11,,,
298,2020-05-25,"CAPARROS, SILVINO JR. GENDRANO ","PHILIPPINE LONG DISTANCE COMPANY (PLDT)",1961-11-05,,,
299,2020-05-25,"VILLANUEVA, MARK RUSSEL BALLESTEROS ","PHILIPPINE LONG DISTANCE COMPANY (PLDT)",1992-08-11,,,
300,2020-05-25,"MARO, MARTIN EUGENE GUILLEN ","PHILIPPINE LONG DISTANCE COMPANY (PLDT)",1994-09-17,,,
301,2020-05-25,"SELERIO, MARVIN PAMPAG ","PHILIPPINE LONG DISTANCE COMPANY (PLDT)",1978-07-29,,,
302,2020-05-25,"BOLONGAITA, STEPHEN EMILL MARIANO ","PHILIPPINE LONG DISTANCE COMPANY (PLDT)",1996-03-07,,,
303,2020-05-25,"GASPAY, MERLY BALLARAN ","PHILIPPINE LONG DISTANCE COMPANY (PLDT)",1962-08-04,,,
304,2020-05-25,"SULIT, MHON ANGELO DIFUNTORUM ","PHILIPPINE LONG DISTANCE COMPANY (PLDT)",1990-07-05,,,
305,2020-05-25,"PADILLA, MICHAEL ANGELO DOCTOR ","PHILIPPINE LONG DISTANCE COMPANY (PLDT)",1996-01-09,,,
306,2020-05-25,"BIRAD, TEOFILO JR. ABANIEL ","PHILIPPINE LONG DISTANCE COMPANY (PLDT)",1992-12-08,,,
307,2020-05-25,"LUNA, MICHAEL ARINGO ","PHILIPPINE LONG DISTANCE COMPANY (PLDT)",1985-10-23,,,
308,2020-05-25,"RICO, MICHAEL COMETA ","PHILIPPINE LONG DISTANCE COMPANY (PLDT)",1969-08-30,,,
309,2020-05-25,"TRAJANO, TROY ALLAN SARCIA ","PHILIPPINE LONG DISTANCE COMPANY (PLDT)",1997-09-20,,,
310,2020-05-25,"MALLARI, MICHAEL ERWIN NG ","PHILIPPINE LONG DISTANCE COMPANY (PLDT)",1995-04-13,,,
311,2020-05-25,"ANTONIO, MIKE JHON DIAZ ","PHILIPPINE LONG DISTANCE COMPANY (PLDT)",1990-06-01,,,
312,2020-05-25,"NUISA, NARCISO GARCIA ","PHILIPPINE LONG DISTANCE COMPANY (PLDT)",1964-09-23,,,
313,2020-05-25,"DEL ROSARIO, TROY DACOLLIO ","PHILIPPINE LONG DISTANCE COMPANY (PLDT)",1996-10-26,,,
314,2020-05-25,"CABILDO, NEIL ALDRIN ABALOS ","PHILIPPINE LONG DISTANCE COMPANY (PLDT)",1995-11-20,,,
315,2020-05-25,"JOSE, NEIL RYAN CHAN ","PHILIPPINE LONG DISTANCE COMPANY (PLDT)",1993-05-20,,,
316,2020-05-25,"ABERGAS, NEL PERALTA ","PHILIPPINE LONG DISTANCE COMPANY (PLDT)",1987-11-08,,,
317,2020-05-25,"MIRANDA, ULYSESS JOEMAR GUINDAY ","PHILIPPINE LONG DISTANCE COMPANY (PLDT)",1990-03-08,,,
318,2020-05-25,"BUSA JR, NELSON UY ","PHILIPPINE LONG DISTANCE COMPANY (PLDT)",1998-03-05,,,
319,2020-05-25,"HERRERA, NICANOR SAN JUAN ","PHILIPPINE LONG DISTANCE COMPANY (PLDT)",1961-01-10,,,
321,2020-05-25,"ESPINOSA, VALENTINO GONZALES ","PHILIPPINE LONG DISTANCE COMPANY (PLDT)",1962-02-14,,,
322,2020-05-25,"AGUINALDO, NICKO ILAGAN ","PHILIPPINE LONG DISTANCE COMPANY (PLDT)",1994-05-26,,,
323,2020-05-25,"REAS, NICOLAS SANTIAGO ","PHILIPPINE LONG DISTANCE COMPANY (PLDT)",1966-06-28,,,
324,2020-05-25,"DE MESA, VIDAL III CARASIG ","PHILIPPINE LONG DISTANCE COMPANY (PLDT)",1992-02-22,,,
325,2020-05-25,"OCHO, NOEL TABOADA ","PHILIPPINE LONG DISTANCE COMPANY (PLDT)",1966-12-23,,,
326,2020-05-25,"NARCISO, NORIEL MAGUIGAD ","PHILIPPINE LONG DISTANCE COMPANY (PLDT)",1992-02-08,,,
327,2020-05-25,"ABAPO, VIRGILIO TORPIO ","PHILIPPINE LONG DISTANCE COMPANY (PLDT)",1981-07-13,,,
328,2020-05-25,"FLORES, NORMAN TAN ","PHILIPPINE LONG DISTANCE COMPANY (PLDT)",1983-03-18,,,
329,2020-05-25,"TANCIO JR, ORLANDO SORIANO ","PHILIPPINE LONG DISTANCE COMPANY (PLDT)",1994-07-17,,,
330,2020-05-25,"RUTAQUIO JR, ORLANDO SUPENDIO ","PHILIPPINE LONG DISTANCE COMPANY (PLDT)",1979-01-09,,,
331,2020-05-25,"SAMSON, VON LOUIE MERCARDO ","PHILIPPINE LONG DISTANCE COMPANY (PLDT)",1991-06-07,,,
332,2020-05-25,"GUILALAS, PATRICK DELA CRUZ ","PHILIPPINE LONG DISTANCE COMPANY (PLDT)",1988-06-30,,,
333,2020-05-25,"PANGILINAN, PATRICK EMERSON DUYAG ","PHILIPPINE LONG DISTANCE COMPANY (PLDT)",1993-11-11,,,
334,2020-05-25,"ORTIZ, PATRICK OLETE ","PHILIPPINE LONG DISTANCE COMPANY (PLDT)",1986-02-04,,,
335,2020-05-25,"ORDIALES, PAUL ADRIAN CLIMACO ","PHILIPPINE LONG DISTANCE COMPANY (PLDT)",1995-07-16,,,
336,2020-05-25,"EUSEBIO, WARREN CAJURAO ","PHILIPPINE LONG DISTANCE COMPANY (PLDT)",1990-08-06,,,
337,2020-05-25,"DULCE, PETER JOHN FABELLA ","PHILIPPINE LONG DISTANCE COMPANY (PLDT)",1983-01-12,,,
338,2020-05-25,"DELA CRUZ, QUINN RAINEER ANGELO ZAMORA ","PHILIPPINE LONG DISTANCE COMPANY (PLDT)",1996-10-01,,,
339,2020-05-25,"DE RAMA, RADITO PALENCIA ","PHILIPPINE LONG DISTANCE COMPANY (PLDT)",1965-10-23,,,
340,2020-05-25,"AGUDA, RAFAEL IAN SIACUNCO ","PHILIPPINE LONG DISTANCE COMPANY (PLDT)",1990-11-09,,,
341,2020-05-25,"MONTESINES, WILLIAM ALMARIO ","PHILIPPINE LONG DISTANCE COMPANY (PLDT)",1989-04-27,,,
342,2020-05-25,"ALCALA, RALPH DANIEL NAILES ","PHILIPPINE LONG DISTANCE COMPANY (PLDT)",1994-03-21,,,
343,2020-05-25,"CABALLO, RANDEL GALANG ","PHILIPPINE LONG DISTANCE COMPANY (PLDT)",1997-03-21,,,
344,2020-05-25,"POLICARPIO, RANDY FLORES ","PHILIPPINE LONG DISTANCE COMPANY (PLDT)",1977-07-23,,,
345,2020-05-25,"BEDANIA, WILLIAM JR. DELA CRUZ ","PHILIPPINE LONG DISTANCE COMPANY (PLDT)",1991-02-22,,,
346,2020-05-25,"ATENDIDO, RANDY HONRUBIA ","PHILIPPINE LONG DISTANCE COMPANY (PLDT)",1989-10-13,,,
347,2020-05-25,"VENIEGAS, RAY OLIVER ARGAYOSA ","PHILIPPINE LONG DISTANCE COMPANY (PLDT)",1989-02-11,,,
348,2020-05-25,"LANGCAY, ZIMON ZAPICO ","PHILIPPINE LONG DISTANCE COMPANY (PLDT)",1995-09-09,,,
349,2020-05-25,"SAGAD, RAYMOND CAPOR ","PHILIPPINE LONG DISTANCE COMPANY (PLDT)",1991-02-24,,,
350,2020-05-25,"ROMERO, RENOR DIAZ ","PHILIPPINE LONG DISTANCE COMPANY (PLDT)",1987-02-05,,,
351,2020-05-25,"AGUILAR, RENZ ELAN  ","PHILIPPINE LONG DISTANCE COMPANY (PLDT)",1996-04-20,,,
352,2020-05-25,"CALUBAG, RENZ LEONARD TUMALA ","PHILIPPINE LONG DISTANCE COMPANY (PLDT)",1995-01-18,,,
353,2020-05-25,"DELOS REYES, RENZO QUIROZ ","PHILIPPINE LONG DISTANCE COMPANY (PLDT)",1996-12-16,,,
354,2020-05-25,"DE GUZMAN, RESTITUTO AMBEGIA ","PHILIPPINE LONG DISTANCE COMPANY (PLDT)",1963-05-13,,,
355,2020-05-25,"SECRETARIO, REYCAR ANTONIO ","PHILIPPINE LONG DISTANCE COMPANY (PLDT)",1985-07-22,,,
356,2020-05-25,"MERINO, FRANKLIN BONDISTO ","PHILIPPINE LONG DISTANCE COMPANY (PLDT)",1985-12-25,,,
357,2020-05-25,"CRISOSTOMO, FRANKLIN PASTRANA ","PHILIPPINE LONG DISTANCE COMPANY (PLDT)",1994-09-28,,,
358,2020-05-25,"MUERTO, REYGIENALD DURAN ","PHILIPPINE LONG DISTANCE COMPANY (PLDT)",1991-08-10,,,
359,2020-05-25,"DE GUZMAN, FRANZ IAN FERMANTEZ ","PHILIPPINE LONG DISTANCE COMPANY (PLDT)",1985-07-31,,,
360,2020-05-25,"SALAMAT, REYNAN CATIPON ","PHILIPPINE LONG DISTANCE COMPANY (PLDT)",1987-06-29,,,
361,2020-05-25,"BALAGBAG, RICHARD KENNETH GARCIA ","PHILIPPINE LONG DISTANCE COMPANY (PLDT)",1991-04-09,,,
362,2020-05-25,"DINEROS, ROBERT RAY DESALISA ","PHILIPPINE LONG DISTANCE COMPANY (PLDT)",1987-11-19,,,
363,2020-05-25,"VIRAY, GARY AMIEL SORIANO ","PHILIPPINE LONG DISTANCE COMPANY (PLDT)",1992-07-24,,,
364,2020-05-25,"GUEVARRA, ROBIN BAHIN ","PHILIPPINE LONG DISTANCE COMPANY (PLDT)",1991-05-27,,,
365,2020-05-25,"JUMANOG, GEORGE MORENO ","PHILIPPINE LONG DISTANCE COMPANY (PLDT)",1983-02-18,,,
366,2020-05-25,"LEOQUINCO JR, RODOLFO MARIANO ","PHILIPPINE LONG DISTANCE COMPANY (PLDT)",1974-10-15,,,
368,2020-05-25,"DIAZ, ROLAND SALGADO ","PHILIPPINE LONG DISTANCE COMPANY (PLDT)",1975-03-09,,,
369,2020-05-25,"RAMIREZ, GEORGE RIVERA ","PHILIPPINE LONG DISTANCE COMPANY (PLDT)",1964-07-28,,,
370,2020-05-25,"FLORES, ROLANDO MAICU ","PHILIPPINE LONG DISTANCE COMPANY (PLDT)",1986-03-21,,,
371,2020-05-25,"AQUINO, ROMANO SUMIO ","PHILIPPINE LONG DISTANCE COMPANY (PLDT)",1994-08-09,,,
372,2020-05-25,"ESLAO, GIEL VILLANUEVA ","PHILIPPINE LONG DISTANCE COMPANY (PLDT)",1993-02-16,,,
373,2020-05-25,"SAHAGUN, GILBERT LAGRATA ","PHILIPPINE LONG DISTANCE COMPANY (PLDT)",1990-11-23,,,
375,2020-05-25,"DELA CRUZ, GLENN PERRY CENTENO ","PHILIPPINE LONG DISTANCE COMPANY (PLDT)",1990-02-24,,,
376,2020-05-25,"GONZALO, MAYOR JR. RAGUIN ","PHILIPPINE LONG DISTANCE COMPANY (PLDT)",1963-04-25,,,
377,2020-05-25,"AQUINO, GRACIANO JR. PADERNAL ","PHILIPPINE LONG DISTANCE COMPANY (PLDT)",1964-09-08,,,
378,2020-05-25,"SILHAY, GUILMER EDAN PESONGCO ","PHILIPPINE LONG DISTANCE COMPANY (PLDT)",1995-05-24,,,
380,2020-05-25,"ALVAREZ, HADRIAN DUQUE ","PHILIPPINE LONG DISTANCE COMPANY (PLDT)",1995-12-31,,,
381,2020-05-25,"ALCANTARA, HANS RUSSEL PANGAN ","PHILIPPINE LONG DISTANCE COMPANY (PLDT)",1995-07-01,,,
382,2020-05-25,"TACSAY, HIKARI  ","PHILIPPINE LONG DISTANCE COMPANY (PLDT)",1993-09-10,,,
383,2020-05-25,"AOYAMA, ICHIRO BOHOL ","PHILIPPINE LONG DISTANCE COMPANY (PLDT)",1991-03-23,,,
384,2020-05-25,"DOMINGUEZ, IRA WALTHER GONZALVO ","PHILIPPINE LONG DISTANCE COMPANY (PLDT)",1991-11-17,,,
385,2020-05-25,"ASADON, JAMESON FREDERICK LIM ","PHILIPPINE LONG DISTANCE COMPANY (PLDT)",1994-05-05,,,
386,2020-05-25,"RODRIGUEZ, JAN MICHAEL NAVAL ","PHILIPPINE LONG DISTANCE COMPANY (PLDT)",1986-09-23,,,
387,2020-05-25,"MONTEMAYOR, JAY AR PERALTA ","PHILIPPINE LONG DISTANCE COMPANY (PLDT)",1997-01-18,,,
388,2020-05-25,"BALONZO, JAY BOB ANTHONY SADARAN ","PHILIPPINE LONG DISTANCE COMPANY (PLDT)",1980-04-19,,,
389,2020-05-25,"VINLUAN, JAYSON VALLO ","PHILIPPINE LONG DISTANCE COMPANY (PLDT)",1991-03-21,,,
390,2020-05-25,"BARRIOS, JED EMMANUEL ROMERO ","PHILIPPINE LONG DISTANCE COMPANY (PLDT)",1997-10-27,,,
391,2020-05-25,"TULIAO, JEFFERSON VENTURA ","PHILIPPINE LONG DISTANCE COMPANY (PLDT)",1982-11-08,,,
392,2020-05-25,"EVANGELISTA, MILAGROS HEMENTIZA ",-,1980-03-08,,,
393,2020-05-25,"LIZADA, JEREMY MARVIN PERALTA ","PHILIPPINE LONG DISTANCE COMPANY (PLDT)",1989-09-15,,,
394,2020-05-25,"GRETA, JEROME MARK TROYO ","PHILIPPINE LONG DISTANCE COMPANY (PLDT)",1993-08-16,,,
395,2020-05-25,"GOMEZ, JESSIE OLILA ","PHILIPPINE LONG DISTANCE COMPANY (PLDT)",1992-08-31,,,
397,2020-05-25,"FAJARDO, JHAREN PANTIG ","PHILIPPINE LONG DISTANCE COMPANY (PLDT)",1993-04-14,,,
398,2020-05-25,"ARINGO, JIMSON ARGARIN ","PHILIPPINE LONG DISTANCE COMPANY (PLDT)",1979-04-10,,,
399,2020-05-25,"VECINA, JOAN MELCHOR ","PHILIPPINE LONG DISTANCE COMPANY (PLDT)",1993-05-19,,,
400,2020-05-25,"ALVAREZ, JOEDEL DELECTOR ","PHILIPPINE LONG DISTANCE COMPANY (PLDT)",1994-04-27,,,
401,2020-05-25,"GICOLE, JOEL DIVINAGRACIA ","PHILIPPINE LONG DISTANCE COMPANY (PLDT)",1985-04-02,,,
402,2020-05-25,"CARILO, JOEL MASCARDO ","PHILIPPINE LONG DISTANCE COMPANY (PLDT)",1994-07-13,,,
403,2020-05-25,"MERCADO, JOHN ALKHIBART MANAY ","PHILIPPINE LONG DISTANCE COMPANY (PLDT)",1991-09-23,,,
404,2020-05-25,"PEREZ, JOHN ANDREW CALIZO ","PHILIPPINE LONG DISTANCE COMPANY (PLDT)",1994-10-25,,,
405,2020-05-25,"BUENSUCESO, JOHN CARLO  ","PHILIPPINE LONG DISTANCE COMPANY (PLDT)",1995-11-10,,,
406,2020-05-25,"RAMOS, JOHN CARLO SANTIAGO ","PHILIPPINE LONG DISTANCE COMPANY (PLDT)",1995-05-06,,,
407,2020-05-25,"MENDOZA, JOHN CARLO VILLAFLOR ","PHILIPPINE LONG DISTANCE COMPANY (PLDT)",1990-09-24,,,
408,2020-05-25,"HERNANDEZ, JOHN ERICH VER ","PHILIPPINE LONG DISTANCE COMPANY (PLDT)",1990-06-09,,,
409,2020-05-25,"GLORIOSO, JOHN KENNETH GONZALES ","PHILIPPINE LONG DISTANCE COMPANY (PLDT)",1990-04-10,,,
410,2020-05-25,"PENDON, JOHN MC KHRISTIAN LUCIDO ","PHILIPPINE LONG DISTANCE COMPANY (PLDT)",1996-11-03,,,
411,2020-05-25,"LOPEZ, JOHN MICHAEL ACERON ","PHILIPPINE LONG DISTANCE COMPANY (PLDT)",1998-01-20,,,
412,2020-05-25,"AQUINO, JOHN PATRICK SANCHEZ ","PHILIPPINE LONG DISTANCE COMPANY (PLDT)",1988-10-15,,,
413,2020-05-25,"IQUIN, JOHN PAUL ELLORDA ","PHILIPPINE LONG DISTANCE COMPANY (PLDT)",1993-10-02,,,
414,2020-05-25,"AQUINO, JOHN PAUL EZEKIEL MANAOIS ","PHILIPPINE LONG DISTANCE COMPANY (PLDT)",1995-02-23,,,
415,2020-05-25,"ORTEGA, JOHN JOHN FRANCISCO ","PHILIPPINE LONG DISTANCE COMPANY (PLDT)",1968-10-07,,,
416,2020-05-25,"LUIS, JOHNN PAOLO JOSON ","PHILIPPINE LONG DISTANCE COMPANY (PLDT)",1996-06-06,,,
417,2020-05-25,"GAYTANO, JOMAR CASTILLO ","PHILIPPINE LONG DISTANCE COMPANY (PLDT)",1985-10-12,,,
418,2020-05-25,"GAVIOLA, JOMAR MENDOZA ","PHILIPPINE LONG DISTANCE COMPANY (PLDT)",1992-12-09,,,
419,2020-05-25,"VILLANUEVA, JONAS ZAMORA ","PHILIPPINE LONG DISTANCE COMPANY (PLDT)",1996-10-31,,,
420,2020-05-25,"IGNACIO, JOSE FERNANDO ","PHILIPPINE LONG DISTANCE COMPANY (PLDT)",1997-02-04,,,
421,2020-05-25,"SANGUAL, JOSELITO ANGELES ","PHILIPPINE LONG DISTANCE COMPANY (PLDT)",1986-01-11,,,
422,2020-05-25,"ESPALDON, JOSEPH LEYTO ","PHILIPPINE LONG DISTANCE COMPANY (PLDT)",1964-09-30,,,
423,2020-05-25,"BETCO, JUANITO BERMOY ","PHILIPPINE LONG DISTANCE COMPANY (PLDT)",1969-06-01,,,
424,2020-05-25,"REDILLAS, JULIUS CESAR MILLAN ","PHILIPPINE LONG DISTANCE COMPANY (PLDT)",1993-10-27,,,
425,2020-05-25,"LUBI, KELVIN DENNIS ORTILLA ","PHILIPPINE LONG DISTANCE COMPANY (PLDT)",1987-12-06,,,
426,2020-05-25,"ABAT, KENNETH ESTRADA ","PHILIPPINE LONG DISTANCE COMPANY (PLDT)",1992-08-19,,,
427,2020-05-25,"LLAVE, KING JOHN CARLO LEGSON ","PHILIPPINE LONG DISTANCE COMPANY (PLDT)",1986-04-27,,,
428,2020-05-25,"OROPESA, KOBE BRENT AMURAO ","PHILIPPINE LONG DISTANCE COMPANY (PLDT)",1999-05-01,,,
429,2020-05-25,"MUSSER, KRISTIAN JAMES SIBBALUCA ","PHILIPPINE LONG DISTANCE COMPANY (PLDT)",1994-01-16,,,
430,2020-05-25,"SANTIAGO, LAURO GERONIMO ","PHILIPPINE LONG DISTANCE COMPANY (PLDT)",1983-05-19,,,
